Transaction ID,CustomerID,ProductID,ProductName,Quantity,PriceperUnit,Date,TotalPrice,Region
0,219,103,Bread,14,5.83,12/08/2024,81.62,Matara
1,479,102,Cheese,4,7.95,05/02/2025,31.8,Matara
2,393,102,Cheese,11,7.09,05/15/2025,77.99,Galle
3,545,106,Fish,6,13.69,08/22/2024,82.14,Matara
4,405,105,Chicken,14,14.41,09/01/2024,201.74,Colombo
5,954,102,Cheese,6,12.09,10/27/2024,72.53999999999999,Galle
6,296,109,Cereal,14,3.9,12/18/2024,54.6,Colombo
7,762,108,Yogurt,8,4.41,04/29/2025,35.28,Matara
8,501,106,Fish,9,7.73,10/18/2024,69.57000000000001,Galle
9,242,107,Milk,2,13.03,04/02/2025,26.06,Colombo
10,441,104,Beef,9,7.14,08/11/2024,64.25999999999999,Colombo
11,559,105,Chicken,6,10.66,06/18/2024,63.96,Colombo
12,421,103,Bread,1,11.73,09/20/2024,11.73,Kalutara
13,118,108,Yogurt,2,8.14,12/12/2024,16.28,Matara
14,786,103,Bread,13,1.7,09/14/2024,22.099999999999998,Matara
15,924,102,Cheese,1,7.19,08/05/2024,7.19,Galle
16,965,108,Yogurt,3,9.68,06/15/2024,29.04,Colombo
17,732,109,Cereal,6,9.02,04/05/2025,54.12,Kalutara
18,554,104,Beef,9,12.96,08/03/2024,116.64000000000001,Colombo
19,792,101,Banana,14,13.0,08/16/2024,182.0,Matara
20,582,102,Cheese,6,1.93,01/03/2025,11.58,Colombo
21,861,109,Cereal,2,8.51,09/13/2024,17.02,Kalutara
22,398,101,Banana,1,10.45,10/02/2024,10.45,Matara
23,600,108,Yogurt,11,7.3,10/01/2024,80.3,Matara
24,741,103,Bread,9,9.87,07/20/2024,88.83,Kalutara
25,140,109,Cereal,4,2.24,06/01/2024,8.96,Matara
26,650,101,Banana,2,11.34,08/06/2024,22.68,Galle
27,788,108,Yogurt,10,12.58,01/10/2025,125.8,Kalutara
28,611,106,Fish,14,12.98,10/30/2024,181.72,Kalutara
29,834,103,Bread,6,11.1,10/14/2024,66.6,Colombo
30,735,105,Chicken,1,3.09,12/30/2024,3.09,Colombo
31,576,109,Cereal,9,6.99,01/29/2025,62.910000000000004,Colombo
32,169,108,Yogurt,13,10.42,04/02/2025,135.46,Galle
33,144,104,Beef,5,1.49,12/19/2024,7.45,Colombo
34,412,106,Fish,10,1.31,06/13/2024,13.100000000000001,Galle
35,815,107,Milk,9,14.16,05/17/2025,127.44,Kalutara
36,813,108,Yogurt,1,14.3,11/19/2024,14.3,Kalutara
37,529,102,Cheese,4,2.45,03/03/2025,9.8,Matara
38,937,106,Fish,2,3.97,09/15/2024,7.94,Kalutara
39,320,103,Bread,4,6.4,09/15/2024,25.6,Matara
40,429,104,Beef,6,12.03,07/14/2024,72.17999999999999,Colombo
41,348,109,Cereal,8,14.29,04/08/2025,114.32,Kalutara
42,116,101,Banana,12,8.65,05/23/2024,103.80000000000001,Galle
43,507,106,Fish,1,7.25,11/10/2024,7.25,Kalutara
44,957,109,Cereal,2,8.23,05/20/2024,16.46,Matara
45,754,107,Milk,13,9.17,11/05/2024,119.21,Galle
46,451,108,Yogurt,2,1.94,03/27/2025,3.88,Galle
47,673,100,Apple,7,7.76,08/21/2024,54.32,Kalutara
48,192,108,Yogurt,14,11.46,04/25/2025,160.44,Colombo
49,766,109,Cereal,2,8.69,09/24/2024,17.38,Kalutara
50,597,104,Beef,14,8.79,03/29/2025,123.05999999999999,Colombo
51,677,107,Milk,7,14.43,02/13/2025,101.00999999999999,Colombo
52,481,108,Yogurt,3,2.52,03/03/2025,7.5600000000000005,Matara
53,756,104,Beef,3,12.23,02/01/2025,36.69,Galle
54,705,102,Cheese,5,7.3,11/13/2024,36.5,Matara
55,557,103,Bread,6,14.6,09/19/2024,87.6,Matara
56,986,104,Beef,10,12.67,01/11/2025,126.7,Kalutara
57,734,108,Yogurt,3,6.83,09/28/2024,20.490000000000002,Colombo
58,208,103,Bread,11,8.36,08/31/2024,91.96,Galle
59,840,100,Apple,12,4.65,01/03/2025,55.800000000000004,Kalutara
60,740,104,Beef,13,13.87,01/22/2025,180.31,Colombo
61,411,109,Cereal,1,11.85,03/30/2025,11.85,Kalutara
62,625,108,Yogurt,10,14.4,03/08/2025,144.0,Matara
63,958,108,Yogurt,2,8.06,12/16/2024,16.12,Galle
64,532,107,Milk,11,10.07,05/12/2025,110.77000000000001,Colombo
65,542,100,Apple,10,4.91,02/21/2025,49.1,Kalutara
66,440,104,Beef,10,11.06,05/17/2025,110.60000000000001,Colombo
67,996,104,Beef,4,9.87,02/20/2025,39.48,Colombo
68,255,101,Banana,14,14.27,09/03/2024,199.78,Galle
69,915,102,Cheese,12,2.32,11/17/2024,27.839999999999996,Matara
70,970,107,Milk,1,7.45,12/16/2024,7.45,Matara
71,704,101,Banana,4,13.53,05/09/2025,54.12,Matara
72,144,100,Apple,13,7.22,02/07/2025,93.86,Galle
73,630,109,Cereal,10,4.3,10/10/2024,43.0,Colombo
74,484,103,Bread,4,2.61,09/14/2024,10.44,Galle
75,415,108,Yogurt,14,1.27,04/18/2025,17.78,Kalutara
76,390,106,Fish,11,1.43,12/08/2024,15.729999999999999,Matara
77,589,109,Cereal,5,1.28,04/05/2025,6.4,Matara
78,121,107,Milk,5,13.28,07/09/2024,66.39999999999999,Kalutara
79,788,106,Fish,3,11.16,02/21/2025,33.480000000000004,Colombo
80,445,102,Cheese,4,12.8,05/23/2024,51.2,Galle
81,169,103,Bread,1,5.25,03/01/2025,5.25,Galle
82,837,109,Cereal,6,9.0,09/09/2024,54.0,Galle
83,688,103,Bread,8,6.7,01/25/2025,53.6,Colombo
84,300,109,Cereal,7,14.94,10/28/2024,104.58,Colombo
85,627,100,Apple,2,3.5,01/20/2025,7.0,Kalutara
86,161,104,Beef,13,9.91,04/25/2025,128.83,Colombo
87,948,103,Bread,11,11.16,04/06/2025,122.76,Matara
88,574,101,Banana,12,10.1,02/19/2025,121.19999999999999,Colombo
89,147,104,Beef,9,13.22,12/14/2024,118.98,Colombo
90,588,107,Milk,12,11.82,03/27/2025,141.84,Galle
91,667,100,Apple,1,2.93,05/09/2025,2.93,Kalutara
92,696,103,Bread,3,12.96,01/16/2025,38.88,Matara
93,519,103,Bread,3,11.92,08/04/2024,35.76,Matara
94,178,108,Yogurt,5,3.8,09/08/2024,19.0,Kalutara
95,642,106,Fish,10,8.09,07/01/2024,80.9,Galle
96,360,105,Chicken,11,6.79,07/05/2024,74.69,Kalutara
97,950,109,Cereal,1,13.45,09/28/2024,13.45,Colombo
98,389,107,Milk,9,9.56,02/11/2025,86.04,Galle
99,538,101,Banana,8,10.49,09/08/2024,83.92,Galle
100,929,100,Apple,1,9.7,06/15/2024,9.7,Galle
101,988,108,Yogurt,1,2.9,06/30/2024,2.9,Matara
102,388,106,Fish,3,10.66,01/28/2025,31.98,Colombo
103,433,105,Chicken,11,10.94,10/22/2024,120.33999999999999,Kalutara
104,768,101,Banana,13,4.29,12/23/2024,55.77,Colombo
105,959,103,Bread,11,12.28,03/26/2025,135.07999999999998,Matara
106,699,101,Banana,14,3.56,08/18/2024,49.84,Kalutara
107,540,106,Fish,2,8.81,04/06/2025,17.62,Kalutara
108,411,105,Chicken,6,13.73,09/06/2024,82.38,Colombo
109,416,106,Fish,12,10.46,05/28/2024,125.52000000000001,Colombo
110,258,104,Beef,12,8.02,01/19/2025,96.24,Colombo
111,288,102,Cheese,3,3.95,10/22/2024,11.850000000000001,Galle
112,804,106,Fish,10,6.38,06/27/2024,63.8,Kalutara
113,439,100,Apple,12,5.41,04/02/2025,64.92,Galle
114,391,102,Cheese,4,14.27,02/11/2025,57.08,Kalutara
115,892,108,Yogurt,4,13.16,08/20/2024,52.64,Galle
116,997,102,Cheese,10,11.91,12/18/2024,119.1,Galle
117,944,108,Yogurt,12,10.83,03/11/2025,129.96,Matara
118,558,108,Yogurt,2,3.32,04/07/2025,6.64,Kalutara
119,801,109,Cereal,12,5.77,01/26/2025,69.24,Galle
120,249,102,Cheese,1,7.3,06/09/2024,7.3,Colombo
121,210,108,Yogurt,4,11.37,02/06/2025,45.48,Kalutara
122,517,101,Banana,13,13.68,09/10/2024,177.84,Colombo
123,957,108,Yogurt,3,3.88,04/03/2025,11.64,Matara
124,818,101,Banana,14,12.0,07/10/2024,168.0,Matara
125,218,107,Milk,3,10.25,04/19/2025,30.75,Colombo
126,707,107,Milk,3,12.56,12/15/2024,37.68,Matara
127,516,100,Apple,1,2.33,02/27/2025,2.33,Colombo
128,838,103,Bread,1,14.27,05/24/2024,14.27,Matara
129,582,105,Chicken,9,12.34,11/23/2024,111.06,Kalutara
130,992,103,Bread,3,2.33,05/17/2025,6.99,Matara
131,791,109,Cereal,9,11.86,11/24/2024,106.74,Galle
132,813,106,Fish,10,6.73,12/07/2024,67.30000000000001,Matara
133,545,105,Chicken,13,7.49,10/03/2024,97.37,Kalutara
134,981,106,Fish,10,6.75,04/29/2025,67.5,Galle
135,899,108,Yogurt,1,9.51,11/29/2024,9.51,Kalutara
136,814,104,Beef,13,9.98,08/30/2024,129.74,Kalutara
137,778,103,Bread,13,6.62,04/06/2025,86.06,Kalutara
138,330,106,Fish,3,8.11,12/06/2024,24.33,Kalutara
139,933,102,Cheese,10,1.82,01/05/2025,18.2,Matara
140,931,106,Fish,5,5.99,08/26/2024,29.950000000000003,Matara
141,275,107,Milk,5,1.88,06/15/2024,9.399999999999999,Colombo
142,167,103,Bread,14,5.56,11/29/2024,77.83999999999999,Colombo
143,201,104,Beef,3,12.95,12/27/2024,38.849999999999994,Matara
144,530,103,Bread,13,9.5,12/20/2024,123.5,Matara
145,297,101,Banana,2,11.35,01/08/2025,22.7,Kalutara
146,303,107,Milk,11,3.85,01/02/2025,42.35,Matara
147,732,104,Beef,1,1.9,11/19/2024,1.9,Matara
148,274,108,Yogurt,5,4.06,11/14/2024,20.299999999999997,Colombo
149,102,103,Bread,2,8.33,12/03/2024,16.66,Galle
150,192,101,Banana,9,5.48,04/10/2025,49.32000000000001,Kalutara
151,606,105,Chicken,3,2.23,11/15/2024,6.6899999999999995,Kalutara
152,597,108,Yogurt,2,9.23,03/21/2025,18.46,Matara
153,173,102,Cheese,12,2.55,12/21/2024,30.599999999999998,Kalutara
154,551,101,Banana,1,6.85,08/20/2024,6.85,Colombo
155,641,104,Beef,4,14.69,11/27/2024,58.76,Matara
156,146,108,Yogurt,13,5.66,06/06/2024,73.58,Colombo
157,481,106,Fish,12,2.3,08/06/2024,27.599999999999998,Matara
158,137,107,Milk,9,3.9,01/15/2025,35.1,Matara
159,401,103,Bread,2,12.94,02/19/2025,25.88,Matara
160,187,102,Cheese,2,7.36,06/25/2024,14.72,Galle
161,298,107,Milk,11,9.94,11/13/2024,109.33999999999999,Galle
162,959,100,Apple,7,14.94,01/16/2025,104.58,Colombo
163,267,101,Banana,1,10.3,10/13/2024,10.3,Matara
164,342,105,Chicken,4,11.61,09/17/2024,46.44,Galle
165,636,106,Fish,12,10.14,09/23/2024,121.68,Matara
166,966,102,Cheese,14,3.86,02/24/2025,54.04,Colombo
167,301,101,Banana,1,13.71,06/14/2024,13.71,Matara
168,251,104,Beef,14,13.4,02/27/2025,187.6,Kalutara
169,944,107,Milk,13,9.8,06/29/2024,127.4,Matara
170,410,108,Yogurt,14,2.8,06/21/2024,39.199999999999996,Kalutara
171,840,106,Fish,13,3.56,11/06/2024,46.28,Colombo
172,645,100,Apple,4,9.95,03/02/2025,39.8,Kalutara
173,418,102,Cheese,12,6.92,09/14/2024,83.03999999999999,Galle
174,374,102,Cheese,4,12.24,01/28/2025,48.96,Colombo
175,842,104,Beef,3,9.58,05/31/2024,28.740000000000002,Galle
176,709,102,Cheese,10,12.81,09/19/2024,128.1,Matara
177,818,106,Fish,1,4.34,08/17/2024,4.34,Colombo
178,397,102,Cheese,2,5.2,05/11/2025,10.4,Colombo
179,806,105,Chicken,14,6.75,10/28/2024,94.5,Galle
180,199,108,Yogurt,8,2.16,06/10/2024,17.28,Colombo
181,126,104,Beef,4,3.35,11/28/2024,13.4,Kalutara
182,219,108,Yogurt,3,1.33,01/13/2025,3.99,Kalutara
183,747,107,Milk,1,8.6,12/30/2024,8.6,Colombo
184,348,109,Cereal,9,4.41,05/19/2025,39.69,Kalutara
185,572,107,Milk,11,8.35,02/22/2025,91.85,Galle
186,351,100,Apple,4,14.45,10/02/2024,57.8,Kalutara
187,530,103,Bread,7,2.27,08/26/2024,15.89,Galle
188,208,107,Milk,10,13.65,10/30/2024,136.5,Colombo
189,275,107,Milk,4,5.91,06/07/2024,23.64,Colombo
190,118,109,Cereal,5,8.47,01/01/2025,42.35,Galle
191,812,100,Apple,9,10.17,02/22/2025,91.53,Galle
192,385,102,Cheese,12,7.79,05/19/2025,93.48,Galle
193,735,101,Banana,13,13.76,10/26/2024,178.88,Matara
194,499,103,Bread,1,10.27,02/08/2025,10.27,Galle
195,321,101,Banana,9,10.51,10/16/2024,94.59,Matara
196,297,106,Fish,3,12.19,05/20/2024,36.57,Galle
197,913,103,Bread,5,5.9,09/07/2024,29.5,Kalutara
198,438,107,Milk,7,9.21,01/12/2025,64.47,Colombo
199,518,105,Chicken,9,9.92,03/05/2025,89.28,Matara
200,989,109,Cereal,10,10.37,10/22/2024,103.69999999999999,Matara
201,452,108,Yogurt,11,8.64,07/15/2024,95.04,Kalutara
202,727,101,Banana,5,12.54,01/07/2025,62.699999999999996,Colombo
203,370,108,Yogurt,1,3.45,05/02/2025,3.45,Matara
204,265,107,Milk,4,5.26,08/20/2024,21.04,Galle
205,581,108,Yogurt,6,10.77,06/21/2024,64.62,Matara
206,341,109,Cereal,11,13.4,02/24/2025,147.4,Kalutara
207,554,101,Banana,13,13.21,06/20/2024,171.73000000000002,Colombo
208,230,102,Cheese,12,13.2,05/15/2025,158.39999999999998,Matara
209,391,101,Banana,4,2.19,09/17/2024,8.76,Galle
210,588,102,Cheese,5,8.17,07/31/2024,40.85,Colombo
211,450,103,Bread,7,3.89,05/09/2025,27.23,Colombo
212,834,109,Cereal,10,10.22,09/09/2024,102.2,Kalutara
213,823,101,Banana,6,14.26,04/07/2025,85.56,Colombo
214,626,102,Cheese,13,8.25,01/17/2025,107.25,Matara
215,712,106,Fish,5,9.05,10/28/2024,45.25,Colombo
216,234,102,Cheese,11,11.43,01/16/2025,125.72999999999999,Matara
217,449,104,Beef,10,12.03,08/15/2024,120.3,Colombo
218,866,103,Bread,2,10.56,11/09/2024,21.12,Matara
219,777,100,Apple,12,1.19,12/10/2024,14.28,Matara
220,271,106,Fish,14,8.28,12/20/2024,115.91999999999999,Matara
221,348,106,Fish,11,14.63,08/25/2024,160.93,Matara
222,793,107,Milk,10,9.89,11/13/2024,98.9,Kalutara
223,316,107,Milk,3,6.97,06/23/2024,20.91,Kalutara
224,430,103,Bread,9,3.02,01/08/2025,27.18,Matara
225,136,106,Fish,10,6.45,08/01/2024,64.5,Kalutara
226,700,103,Bread,3,4.95,01/09/2025,14.850000000000001,Kalutara
227,867,106,Fish,12,8.68,12/15/2024,104.16,Kalutara
228,196,105,Chicken,12,2.22,01/19/2025,26.64,Kalutara
229,957,101,Banana,1,5.53,10/13/2024,5.53,Kalutara
230,988,100,Apple,5,5.57,03/20/2025,27.85,Galle
231,965,109,Cereal,4,6.95,08/28/2024,27.8,Galle
232,461,107,Milk,6,10.37,06/30/2024,62.22,Matara
233,241,102,Cheese,12,7.45,06/01/2024,89.4,Kalutara
234,257,105,Chicken,14,5.59,01/13/2025,78.25999999999999,Kalutara
235,666,100,Apple,13,14.61,06/28/2024,189.93,Galle
236,631,103,Bread,6,2.03,12/24/2024,12.18,Matara
237,447,108,Yogurt,3,4.79,01/15/2025,14.370000000000001,Galle
238,129,102,Cheese,8,7.37,05/10/2025,58.96,Galle
239,777,105,Chicken,8,14.56,10/13/2024,116.48,Kalutara
240,166,108,Yogurt,3,7.83,06/22/2024,23.490000000000002,Matara
241,434,100,Apple,6,5.69,09/26/2024,34.14,Kalutara
242,423,101,Banana,10,9.57,05/25/2024,95.7,Galle
243,291,102,Cheese,9,4.78,05/18/2025,43.02,Colombo
244,274,102,Cheese,13,1.27,04/17/2025,16.51,Colombo
245,658,109,Cereal,6,1.25,04/18/2025,7.5,Matara
246,455,105,Chicken,8,4.57,12/25/2024,36.56,Galle
247,346,102,Cheese,5,14.49,03/02/2025,72.45,Kalutara
248,727,108,Yogurt,1,11.56,10/28/2024,11.56,Kalutara
249,771,100,Apple,14,5.15,05/20/2025,72.10000000000001,Colombo
250,705,102,Cheese,1,1.07,07/23/2024,1.07,Galle
251,515,100,Apple,5,5.9,01/31/2025,29.5,Galle
252,166,107,Milk,1,3.59,06/28/2024,3.59,Kalutara
253,225,106,Fish,13,2.65,07/23/2024,34.449999999999996,Kalutara
254,393,106,Fish,11,13.26,09/08/2024,145.85999999999999,Kalutara
255,685,109,Cereal,5,3.91,05/11/2025,19.55,Kalutara
256,119,107,Milk,11,7.03,02/08/2025,77.33,Galle
257,548,102,Cheese,8,7.72,10/20/2024,61.76,Galle
258,981,104,Beef,7,8.02,11/15/2024,56.14,Galle
259,160,105,Chicken,8,7.71,08/03/2024,61.68,Colombo
260,610,100,Apple,6,11.18,02/19/2025,67.08,Matara
261,455,108,Yogurt,3,9.93,12/13/2024,29.79,Matara
262,505,100,Apple,14,6.45,11/25/2024,90.3,Matara
263,261,109,Cereal,11,12.56,04/24/2025,138.16,Colombo
264,959,104,Beef,10,6.86,10/16/2024,68.60000000000001,Colombo
265,584,106,Fish,14,7.15,07/16/2024,100.10000000000001,Kalutara
266,357,105,Chicken,7,14.6,05/10/2025,102.2,Matara
267,769,106,Fish,1,7.4,12/12/2024,7.4,Colombo
268,976,100,Apple,2,11.95,12/29/2024,23.9,Galle
269,441,100,Apple,12,2.17,04/04/2025,26.04,Matara
270,561,103,Bread,7,10.52,02/09/2025,73.64,Colombo
271,466,102,Cheese,9,10.17,10/19/2024,91.53,Matara
272,999,108,Yogurt,7,5.73,12/20/2024,40.11,Colombo
273,770,105,Chicken,8,3.22,02/16/2025,25.76,Kalutara
274,351,104,Beef,12,11.9,07/02/2024,142.8,Galle
275,919,108,Yogurt,6,7.95,06/04/2024,47.7,Colombo
276,794,103,Bread,2,4.41,08/08/2024,8.82,Matara
277,906,103,Bread,8,7.95,07/09/2024,63.6,Colombo
278,913,103,Bread,8,10.66,07/24/2024,85.28,Matara
279,829,109,Cereal,8,13.27,11/06/2024,106.16,Galle
280,693,108,Yogurt,13,3.11,01/02/2025,40.43,Colombo
281,991,102,Cheese,1,6.95,11/01/2024,6.95,Kalutara
282,546,104,Beef,12,2.99,05/21/2024,35.88,Galle
283,875,101,Banana,14,9.73,01/02/2025,136.22,Matara
284,194,101,Banana,9,13.05,01/30/2025,117.45,Matara
285,759,103,Bread,4,6.84,09/02/2024,27.36,Kalutara
286,662,101,Banana,5,5.12,05/05/2025,25.6,Colombo
287,114,109,Cereal,6,2.86,03/06/2025,17.16,Colombo
288,352,101,Banana,9,1.62,08/21/2024,14.580000000000002,Kalutara
289,821,100,Apple,1,6.64,08/19/2024,6.64,Colombo
290,240,103,Bread,11,4.38,12/01/2024,48.18,Matara
291,395,103,Bread,12,1.68,11/09/2024,20.16,Matara
292,459,108,Yogurt,12,12.22,02/09/2025,146.64000000000001,Galle
293,114,104,Beef,8,3.68,01/25/2025,29.44,Galle
294,446,107,Milk,10,10.42,11/24/2024,104.2,Galle
295,564,102,Cheese,10,5.09,06/18/2024,50.9,Kalutara
296,296,103,Bread,2,13.28,12/29/2024,26.56,Matara
297,641,101,Banana,7,11.12,02/28/2025,77.83999999999999,Matara
298,614,103,Bread,2,4.08,09/29/2024,8.16,Colombo
299,215,101,Banana,10,13.41,07/04/2024,134.1,Galle
300,910,104,Beef,7,12.47,01/18/2025,87.29,Matara
301,175,104,Beef,13,7.27,09/16/2024,94.50999999999999,Galle
302,512,103,Bread,7,8.85,10/09/2024,61.949999999999996,Matara
303,173,100,Apple,14,8.67,01/04/2025,121.38,Matara
304,760,108,Yogurt,14,9.77,09/08/2024,136.78,Kalutara
305,747,105,Chicken,11,13.45,07/07/2024,147.95,Matara
306,404,103,Bread,6,6.04,12/09/2024,36.24,Kalutara
307,707,103,Bread,3,1.33,09/21/2024,3.99,Kalutara
308,605,104,Beef,6,13.78,11/05/2024,82.67999999999999,Galle
309,979,107,Milk,13,6.36,01/13/2025,82.68,Kalutara
310,821,103,Bread,11,11.98,01/04/2025,131.78,Matara
311,402,107,Milk,3,5.68,03/22/2025,17.04,Colombo
312,340,101,Banana,1,11.7,10/26/2024,11.7,Kalutara
313,262,109,Cereal,13,13.77,07/19/2024,179.01,Kalutara
314,668,106,Fish,8,14.55,01/20/2025,116.4,Colombo
315,513,104,Beef,13,9.38,03/29/2025,121.94000000000001,Colombo
316,724,109,Cereal,8,5.18,05/08/2025,41.44,Colombo
317,824,109,Cereal,8,11.11,05/06/2025,88.88,Galle
318,410,101,Banana,8,7.58,12/10/2024,60.64,Matara
319,600,108,Yogurt,13,12.08,09/06/2024,157.04,Kalutara
320,808,107,Milk,5,4.85,01/08/2025,24.25,Kalutara
321,152,101,Banana,8,7.37,09/27/2024,58.96,Galle
322,627,101,Banana,11,5.69,09/07/2024,62.59,Matara
323,712,101,Banana,12,3.34,01/10/2025,40.08,Kalutara
324,747,107,Milk,11,8.56,02/14/2025,94.16000000000001,Galle
325,206,102,Cheese,11,2.06,03/17/2025,22.66,Colombo
326,670,103,Bread,6,7.92,02/22/2025,47.519999999999996,Colombo
327,567,100,Apple,13,11.48,12/08/2024,149.24,Colombo
328,574,107,Milk,5,10.3,11/07/2024,51.5,Matara
329,228,104,Beef,5,2.54,08/04/2024,12.7,Kalutara
330,512,106,Fish,8,8.15,04/24/2025,65.2,Kalutara
331,693,107,Milk,11,1.01,01/31/2025,11.11,Galle
332,882,103,Bread,3,7.8,05/10/2025,23.4,Galle
333,380,101,Banana,5,12.34,07/02/2024,61.7,Matara
334,634,107,Milk,7,8.31,08/28/2024,58.17,Kalutara
335,715,108,Yogurt,8,12.49,05/15/2025,99.92,Matara
336,883,104,Beef,10,1.74,12/17/2024,17.4,Kalutara
337,212,101,Banana,12,1.26,12/31/2024,15.120000000000001,Galle
338,511,101,Banana,10,12.55,08/08/2024,125.5,Kalutara
339,739,100,Apple,11,9.16,04/25/2025,100.76,Kalutara
340,462,103,Bread,12,9.78,01/15/2025,117.35999999999999,Matara
341,636,102,Cheese,8,5.96,07/06/2024,47.68,Kalutara
342,654,102,Cheese,5,11.31,02/13/2025,56.550000000000004,Galle
343,780,109,Cereal,8,7.85,12/16/2024,62.8,Matara
344,339,101,Banana,2,9.48,12/07/2024,18.96,Galle
345,760,107,Milk,4,5.22,09/26/2024,20.88,Galle
346,898,109,Cereal,3,14.52,02/05/2025,43.56,Colombo
347,873,108,Yogurt,1,1.59,08/24/2024,1.59,Kalutara
348,933,100,Apple,1,12.07,11/15/2024,12.07,Colombo
349,345,107,Milk,5,1.17,08/24/2024,5.85,Matara
350,911,103,Bread,2,5.8,09/27/2024,11.6,Matara
351,609,103,Bread,6,7.33,05/19/2025,43.980000000000004,Colombo
352,231,100,Apple,12,2.35,02/19/2025,28.200000000000003,Galle
353,394,108,Yogurt,3,2.96,04/09/2025,8.879999999999999,Matara
354,507,100,Apple,12,4.96,02/22/2025,59.519999999999996,Kalutara
355,121,100,Apple,12,12.19,02/01/2025,146.28,Kalutara
356,457,107,Milk,5,2.15,05/09/2025,10.75,Matara
357,261,104,Beef,4,4.22,10/24/2024,16.88,Kalutara
358,302,109,Cereal,9,3.59,06/27/2024,32.31,Colombo
359,976,106,Fish,10,6.92,03/11/2025,69.2,Galle
360,548,102,Cheese,5,2.16,01/29/2025,10.8,Kalutara
361,674,101,Banana,11,1.8,05/28/2024,19.8,Colombo
362,719,102,Cheese,13,10.46,02/28/2025,135.98000000000002,Galle
363,455,103,Bread,5,5.16,01/01/2025,25.8,Kalutara
364,901,109,Cereal,11,10.18,01/08/2025,111.97999999999999,Galle
365,489,102,Cheese,3,10.31,11/26/2024,30.93,Colombo
366,991,106,Fish,11,4.22,09/20/2024,46.419999999999995,Colombo
367,863,103,Bread,13,2.61,04/05/2025,33.93,Galle
368,878,102,Cheese,1,11.77,03/22/2025,11.77,Matara
369,327,103,Bread,3,2.93,11/18/2024,8.790000000000001,Kalutara
370,937,109,Cereal,2,13.68,02/10/2025,27.36,Galle
371,612,107,Milk,1,10.03,06/08/2024,10.03,Matara
372,955,104,Beef,11,13.46,08/28/2024,148.06,Matara
373,169,104,Beef,7,10.06,08/06/2024,70.42,Matara
374,464,105,Chicken,14,9.43,08/22/2024,132.01999999999998,Kalutara
375,196,106,Fish,7,4.3,07/14/2024,30.099999999999998,Colombo
376,628,108,Yogurt,8,10.84,03/03/2025,86.72,Galle
377,146,102,Cheese,12,9.85,03/21/2025,118.19999999999999,Matara
378,968,103,Bread,6,10.72,05/20/2024,64.32000000000001,Kalutara
379,420,109,Cereal,10,12.06,09/26/2024,120.60000000000001,Matara
380,132,108,Yogurt,7,13.14,06/09/2024,91.98,Kalutara
381,727,107,Milk,13,2.47,07/24/2024,32.11,Colombo
382,263,106,Fish,9,3.08,04/10/2025,27.72,Kalutara
383,836,107,Milk,10,3.63,07/24/2024,36.3,Matara
384,273,104,Beef,10,7.21,08/07/2024,72.1,Galle
385,261,107,Milk,8,1.27,12/19/2024,10.16,Colombo
386,455,108,Yogurt,14,2.3,03/31/2025,32.199999999999996,Matara
387,959,102,Cheese,5,7.32,01/26/2025,36.6,Kalutara
388,572,107,Milk,3,6.69,03/31/2025,20.07,Galle
389,321,105,Chicken,4,9.6,08/26/2024,38.4,Kalutara
390,587,102,Cheese,11,11.6,01/25/2025,127.6,Matara
391,548,102,Cheese,10,4.35,03/05/2025,43.5,Colombo
392,519,101,Banana,13,4.59,02/02/2025,59.67,Matara
393,429,101,Banana,5,9.98,10/18/2024,49.900000000000006,Matara
394,482,104,Beef,1,2.34,09/16/2024,2.34,Kalutara
395,101,109,Cereal,10,6.82,07/19/2024,68.2,Galle
396,115,109,Cereal,1,2.39,02/28/2025,2.39,Galle
397,954,101,Banana,8,2.44,07/18/2024,19.52,Galle
398,720,108,Yogurt,7,5.94,12/19/2024,41.580000000000005,Galle
399,872,108,Yogurt,9,11.2,05/10/2025,100.8,Kalutara
400,505,108,Yogurt,1,1.48,10/16/2024,1.48,Kalutara
401,201,106,Fish,6,7.41,11/26/2024,44.46,Kalutara
402,401,107,Milk,10,13.99,01/09/2025,139.9,Colombo
403,696,105,Chicken,14,14.6,01/06/2025,204.4,Matara
404,595,103,Bread,10,8.38,08/07/2024,83.80000000000001,Kalutara
405,163,102,Cheese,9,7.73,07/14/2024,69.57000000000001,Colombo
406,495,100,Apple,12,2.01,02/20/2025,24.119999999999997,Galle
407,467,104,Beef,9,9.96,11/06/2024,89.64000000000001,Colombo
408,132,106,Fish,8,1.78,04/11/2025,14.24,Galle
409,572,104,Beef,2,7.35,02/07/2025,14.7,Kalutara
410,381,101,Banana,2,2.96,09/11/2024,5.92,Kalutara
411,919,105,Chicken,6,6.14,05/07/2025,36.839999999999996,Colombo
412,577,105,Chicken,14,12.99,10/23/2024,181.86,Colombo
413,773,101,Banana,4,5.24,08/16/2024,20.96,Galle
414,632,101,Banana,5,2.88,01/22/2025,14.399999999999999,Galle
415,235,105,Chicken,3,14.24,02/27/2025,42.72,Kalutara
416,776,101,Banana,2,14.5,08/20/2024,29.0,Galle
417,147,106,Fish,6,11.44,11/25/2024,68.64,Galle
418,904,106,Fish,3,3.14,11/10/2024,9.42,Colombo
419,414,108,Yogurt,8,14.48,02/10/2025,115.84,Colombo
420,401,103,Bread,2,12.3,04/24/2025,24.6,Galle
421,402,104,Beef,13,14.09,02/23/2025,183.17,Colombo
422,167,109,Cereal,3,1.55,08/24/2024,4.65,Kalutara
423,904,109,Cereal,3,1.82,05/28/2024,5.46,Galle
424,604,103,Bread,5,7.34,03/10/2025,36.7,Matara
425,739,102,Cheese,14,14.31,05/23/2024,200.34,Galle
426,479,100,Apple,12,12.18,12/28/2024,146.16,Colombo
427,309,103,Bread,4,14.07,03/21/2025,56.28,Matara
428,236,103,Bread,1,13.12,11/04/2024,13.12,Kalutara
429,776,104,Beef,1,1.85,01/22/2025,1.85,Colombo
430,505,107,Milk,2,3.18,12/29/2024,6.36,Galle
431,565,109,Cereal,6,6.33,09/09/2024,37.980000000000004,Galle
432,621,103,Bread,2,11.78,10/20/2024,23.56,Galle
433,493,103,Bread,10,7.39,04/02/2025,73.89999999999999,Kalutara
434,220,101,Banana,8,14.9,04/25/2025,119.2,Matara
435,835,105,Chicken,2,13.83,04/27/2025,27.66,Matara
436,745,107,Milk,11,7.42,02/26/2025,81.62,Colombo
437,949,103,Bread,8,11.41,04/11/2025,91.28,Colombo
438,113,109,Cereal,2,5.56,11/05/2024,11.12,Matara
439,575,103,Bread,11,12.29,09/19/2024,135.19,Colombo
440,784,104,Beef,13,13.18,01/01/2025,171.34,Kalutara
441,445,109,Cereal,7,8.48,10/01/2024,59.36,Galle
442,824,107,Milk,13,7.28,01/14/2025,94.64,Matara
443,868,105,Chicken,10,2.13,10/19/2024,21.299999999999997,Colombo
444,545,103,Bread,5,4.7,08/22/2024,23.5,Colombo
445,757,107,Milk,7,14.15,11/11/2024,99.05,Matara
446,859,107,Milk,2,6.24,08/21/2024,12.48,Colombo
447,918,100,Apple,9,5.24,03/19/2025,47.160000000000004,Kalutara
448,477,106,Fish,9,4.2,01/14/2025,37.800000000000004,Galle
449,781,102,Cheese,5,7.74,06/04/2024,38.7,Galle
450,994,100,Apple,2,13.55,09/12/2024,27.1,Kalutara
451,376,109,Cereal,2,9.63,06/21/2024,19.26,Colombo
452,593,108,Yogurt,8,12.49,05/21/2024,99.92,Colombo
453,808,101,Banana,12,5.82,08/20/2024,69.84,Kalutara
454,656,105,Chicken,14,2.2,10/19/2024,30.800000000000004,Kalutara
455,730,106,Fish,3,9.07,06/12/2024,27.21,Galle
456,977,104,Beef,6,11.15,03/17/2025,66.9,Colombo
457,976,108,Yogurt,4,14.12,03/12/2025,56.48,Colombo
458,810,103,Bread,2,1.34,03/21/2025,2.68,Galle
459,287,103,Bread,13,11.01,06/05/2024,143.13,Galle
460,210,109,Cereal,13,3.0,01/30/2025,39.0,Matara
461,822,109,Cereal,9,6.62,05/05/2025,59.58,Matara
462,238,103,Bread,4,11.7,11/22/2024,46.8,Kalutara
463,314,104,Beef,7,10.79,02/10/2025,75.53,Kalutara
464,475,109,Cereal,5,10.63,03/18/2025,53.150000000000006,Matara
465,264,108,Yogurt,10,2.71,06/02/2024,27.1,Galle
466,857,109,Cereal,8,13.86,10/02/2024,110.88,Kalutara
467,309,101,Banana,1,11.94,09/29/2024,11.94,Matara
468,125,104,Beef,10,10.06,06/08/2024,100.60000000000001,Colombo
469,756,102,Cheese,11,1.75,10/25/2024,19.25,Colombo
470,779,103,Bread,4,9.54,12/02/2024,38.16,Matara
471,182,103,Bread,4,6.45,04/23/2025,25.8,Galle
472,769,108,Yogurt,2,11.11,05/22/2024,22.22,Matara
473,342,107,Milk,10,9.85,10/28/2024,98.5,Matara
474,520,108,Yogurt,8,12.5,06/12/2024,100.0,Galle
475,522,108,Yogurt,3,11.76,06/16/2024,35.28,Galle
476,270,100,Apple,9,4.97,07/28/2024,44.73,Colombo
477,549,107,Milk,2,6.01,10/10/2024,12.02,Galle
478,496,105,Chicken,1,3.35,10/15/2024,3.35,Kalutara
479,940,108,Yogurt,5,12.84,10/11/2024,64.2,Colombo
480,704,108,Yogurt,14,7.77,08/04/2024,108.78,Colombo
481,438,109,Cereal,3,13.89,04/16/2025,41.67,Kalutara
482,857,109,Cereal,5,8.27,03/29/2025,41.349999999999994,Matara
483,512,101,Banana,7,4.94,03/24/2025,34.580000000000005,Colombo
484,944,100,Apple,7,5.72,05/18/2025,40.04,Kalutara
485,849,105,Chicken,6,2.16,12/20/2024,12.96,Galle
486,803,102,Cheese,5,1.72,12/15/2024,8.6,Matara
487,717,105,Chicken,3,11.34,12/28/2024,34.019999999999996,Colombo
488,202,101,Banana,7,11.63,04/22/2025,81.41000000000001,Kalutara
489,182,109,Cereal,11,8.43,01/19/2025,92.72999999999999,Matara
490,622,101,Banana,6,12.82,10/08/2024,76.92,Colombo
491,818,106,Fish,9,12.78,02/25/2025,115.02,Colombo
492,253,109,Cereal,14,3.69,12/11/2024,51.66,Colombo
493,834,104,Beef,6,7.71,05/18/2025,46.26,Galle
494,107,109,Cereal,3,3.36,11/25/2024,10.08,Matara
495,749,100,Apple,14,7.49,11/15/2024,104.86,Colombo
496,483,109,Cereal,7,2.78,03/26/2025,19.459999999999997,Galle
497,110,103,Bread,13,9.73,02/06/2025,126.49000000000001,Kalutara
498,114,106,Fish,10,7.24,03/31/2025,72.4,Kalutara
499,631,100,Apple,5,13.72,06/29/2024,68.60000000000001,Colombo
500,342,106,Fish,6,2.44,12/05/2024,14.64,Matara
501,270,102,Cheese,12,4.1,01/27/2025,49.199999999999996,Galle
502,960,106,Fish,6,7.96,06/03/2024,47.76,Colombo
503,736,105,Chicken,10,8.54,11/10/2024,85.39999999999999,Colombo
504,597,108,Yogurt,9,7.09,06/08/2024,63.81,Kalutara
505,669,101,Banana,3,2.01,03/07/2025,6.029999999999999,Colombo
506,352,109,Cereal,3,6.99,06/03/2024,20.97,Kalutara
507,947,108,Yogurt,7,11.97,01/01/2025,83.79,Matara
508,968,105,Chicken,10,6.82,03/13/2025,68.2,Matara
509,337,101,Banana,3,6.09,09/30/2024,18.27,Matara
510,635,102,Cheese,11,14.04,07/08/2024,154.44,Colombo
511,205,108,Yogurt,3,11.49,04/17/2025,34.47,Galle
512,706,101,Banana,1,1.93,10/16/2024,1.93,Kalutara
513,194,100,Apple,9,3.51,05/22/2024,31.589999999999996,Kalutara
514,114,105,Chicken,12,7.7,04/03/2025,92.4,Matara
515,184,100,Apple,9,2.49,07/20/2024,22.410000000000004,Kalutara
516,101,101,Banana,10,1.55,12/19/2024,15.5,Kalutara
517,413,100,Apple,8,10.05,09/28/2024,80.4,Colombo
518,470,102,Cheese,6,4.13,08/11/2024,24.78,Galle
519,881,101,Banana,8,14.44,04/03/2025,115.52,Galle
520,330,107,Milk,13,7.48,10/15/2024,97.24000000000001,Matara
521,633,105,Chicken,9,12.92,11/25/2024,116.28,Kalutara
522,670,104,Beef,4,9.85,12/11/2024,39.4,Kalutara
523,282,107,Milk,10,12.44,12/22/2024,124.39999999999999,Matara
524,317,107,Milk,7,9.68,01/01/2025,67.75999999999999,Matara
525,296,103,Bread,11,3.04,11/16/2024,33.44,Matara
526,204,105,Chicken,10,8.72,07/25/2024,87.2,Galle
527,556,107,Milk,13,8.33,05/20/2024,108.29,Galle
528,111,105,Chicken,1,8.69,08/17/2024,8.69,Galle
529,847,104,Beef,7,7.0,08/21/2024,49.0,Kalutara
530,601,108,Yogurt,4,6.07,03/25/2025,24.28,Colombo
531,572,105,Chicken,13,3.43,03/25/2025,44.59,Galle
532,668,105,Chicken,4,13.48,03/17/2025,53.92,Matara
533,859,102,Cheese,1,8.16,12/01/2024,8.16,Galle
534,600,102,Cheese,7,14.02,10/07/2024,98.14,Kalutara
535,676,106,Fish,9,12.29,04/03/2025,110.60999999999999,Kalutara
536,474,104,Beef,3,9.22,12/24/2024,27.660000000000004,Kalutara
537,515,109,Cereal,12,10.76,06/19/2024,129.12,Colombo
538,282,100,Apple,14,9.15,05/25/2024,128.1,Colombo
539,259,102,Cheese,12,11.29,06/07/2024,135.48,Galle
540,105,102,Cheese,13,5.78,04/08/2025,75.14,Colombo
541,424,109,Cereal,8,10.57,07/30/2024,84.56,Matara
542,906,107,Milk,9,2.11,10/21/2024,18.99,Kalutara
543,824,100,Apple,9,2.77,05/02/2025,24.93,Galle
544,208,107,Milk,13,12.86,05/21/2024,167.18,Galle
545,137,107,Milk,5,14.88,06/23/2024,74.4,Matara
546,764,101,Banana,6,12.85,05/25/2024,77.1,Matara
547,694,102,Cheese,10,6.58,03/06/2025,65.8,Kalutara
548,218,103,Bread,9,1.01,02/05/2025,9.09,Colombo
549,121,101,Banana,1,7.42,10/25/2024,7.42,Matara
550,671,103,Bread,8,8.44,11/25/2024,67.52,Matara
551,936,107,Milk,14,5.11,12/31/2024,71.54,Colombo
552,943,107,Milk,11,13.2,01/20/2025,145.2,Matara
553,363,109,Cereal,1,3.82,04/14/2025,3.82,Matara
554,685,107,Milk,10,12.15,12/11/2024,121.5,Galle
555,530,108,Yogurt,14,5.23,10/12/2024,73.22,Kalutara
556,344,101,Banana,8,5.22,07/05/2024,41.76,Matara
557,576,104,Beef,5,13.61,01/22/2025,68.05,Colombo
558,307,101,Banana,11,8.53,03/10/2025,93.83,Kalutara
559,590,105,Chicken,10,1.15,05/18/2025,11.5,Galle
560,402,100,Apple,13,8.57,08/11/2024,111.41,Colombo
561,206,100,Apple,4,10.19,12/29/2024,40.76,Colombo
562,206,109,Cereal,2,3.05,04/05/2025,6.1,Galle
563,652,107,Milk,10,5.34,04/12/2025,53.4,Colombo
564,659,106,Fish,12,13.47,10/11/2024,161.64000000000001,Matara
565,954,100,Apple,6,2.07,11/18/2024,12.419999999999998,Matara
566,492,102,Cheese,14,10.45,11/03/2024,146.29999999999998,Colombo
567,197,104,Beef,1,5.06,03/06/2025,5.06,Galle
568,846,102,Cheese,14,14.15,11/11/2024,198.1,Galle
569,778,101,Banana,11,13.21,09/04/2024,145.31,Kalutara
570,195,100,Apple,9,7.18,03/17/2025,64.62,Matara
571,682,106,Fish,2,10.37,07/11/2024,20.74,Galle
572,377,101,Banana,11,12.77,09/08/2024,140.47,Matara
573,392,104,Beef,12,4.48,01/12/2025,53.760000000000005,Galle
574,864,104,Beef,5,11.55,03/01/2025,57.75,Matara
575,391,104,Beef,14,10.05,05/21/2024,140.70000000000002,Galle
576,411,106,Fish,14,6.88,02/05/2025,96.32,Kalutara
577,264,105,Chicken,8,14.46,05/07/2025,115.68,Matara
578,312,109,Cereal,13,3.36,07/30/2024,43.68,Kalutara
579,960,109,Cereal,12,3.62,09/12/2024,43.44,Galle
580,866,106,Fish,7,9.77,06/28/2024,68.39,Colombo
581,728,103,Bread,10,11.05,04/24/2025,110.5,Kalutara
582,788,107,Milk,4,8.82,05/27/2024,35.28,Galle
583,739,107,Milk,14,8.44,04/06/2025,118.16,Colombo
584,636,104,Beef,14,5.94,01/23/2025,83.16000000000001,Galle
585,568,100,Apple,6,8.39,02/09/2025,50.34,Matara
586,943,100,Apple,7,14.91,05/11/2025,104.37,Galle
587,438,106,Fish,3,14.42,07/18/2024,43.26,Colombo
588,827,104,Beef,11,4.6,06/13/2024,50.599999999999994,Kalutara
589,705,107,Milk,13,2.2,03/23/2025,28.6,Matara
590,986,103,Bread,4,5.31,04/09/2025,21.24,Matara
591,978,108,Yogurt,3,13.46,07/31/2024,40.38,Galle
592,180,101,Banana,10,7.66,08/13/2024,76.6,Colombo
593,122,105,Chicken,6,1.67,07/05/2024,10.02,Matara
594,589,103,Bread,3,13.53,11/16/2024,40.589999999999996,Matara
595,943,108,Yogurt,14,4.42,09/28/2024,61.879999999999995,Matara
596,588,106,Fish,4,3.23,10/03/2024,12.92,Matara
597,489,108,Yogurt,10,8.15,08/23/2024,81.5,Kalutara
598,353,102,Cheese,6,5.11,03/10/2025,30.660000000000004,Matara
599,882,107,Milk,11,14.88,08/16/2024,163.68,Colombo
600,107,105,Chicken,9,1.83,05/04/2025,16.47,Galle
601,658,107,Milk,6,7.4,11/16/2024,44.400000000000006,Galle
602,553,105,Chicken,13,13.9,02/23/2025,180.70000000000002,Colombo
603,459,105,Chicken,11,9.9,08/07/2024,108.9,Colombo
604,140,100,Apple,3,10.74,07/22/2024,32.22,Matara
605,149,109,Cereal,10,6.84,08/27/2024,68.4,Matara
606,943,108,Yogurt,11,6.91,08/28/2024,76.01,Colombo
607,488,100,Apple,4,1.46,05/27/2024,5.84,Kalutara
608,904,103,Bread,3,8.18,12/19/2024,24.54,Matara
609,549,101,Banana,6,8.41,07/17/2024,50.46,Kalutara
610,715,104,Beef,5,6.9,12/25/2024,34.5,Colombo
611,554,108,Yogurt,11,8.65,07/19/2024,95.15,Galle
612,795,101,Banana,8,2.35,08/05/2024,18.8,Galle
613,932,106,Fish,5,14.27,12/06/2024,71.35,Kalutara
614,237,105,Chicken,12,7.46,11/05/2024,89.52,Galle
615,643,104,Beef,3,5.77,12/01/2024,17.31,Galle
616,468,106,Fish,14,2.5,07/27/2024,35.0,Galle
617,776,105,Chicken,4,5.37,03/18/2025,21.48,Matara
618,536,107,Milk,10,8.41,01/20/2025,84.1,Kalutara
619,124,106,Fish,11,1.7,11/25/2024,18.7,Galle
620,543,101,Banana,10,1.04,09/19/2024,10.4,Galle
621,757,102,Cheese,12,2.14,04/22/2025,25.68,Colombo
622,896,103,Bread,7,12.35,06/14/2024,86.45,Galle
623,675,104,Beef,1,5.79,12/28/2024,5.79,Colombo
624,770,109,Cereal,1,11.13,01/01/2025,11.13,Matara
625,884,104,Beef,5,3.0,05/25/2024,15.0,Kalutara
626,932,108,Yogurt,14,1.68,08/01/2024,23.52,Galle
627,561,106,Fish,2,4.18,08/31/2024,8.36,Matara
628,107,105,Chicken,14,9.06,11/28/2024,126.84,Kalutara
629,894,103,Bread,5,14.86,12/10/2024,74.3,Galle
630,424,102,Cheese,7,4.47,05/20/2025,31.29,Kalutara
631,585,103,Bread,8,9.69,09/11/2024,77.52,Galle
632,683,108,Yogurt,4,12.24,07/12/2024,48.96,Colombo
633,986,108,Yogurt,9,14.4,11/29/2024,129.6,Colombo
634,823,100,Apple,11,11.5,09/11/2024,126.5,Kalutara
635,846,109,Cereal,1,10.04,04/21/2025,10.04,Matara
636,351,105,Chicken,8,1.82,04/06/2025,14.56,Matara
637,141,106,Fish,12,7.08,10/25/2024,84.96000000000001,Matara
638,195,102,Cheese,4,8.1,10/16/2024,32.4,Galle
639,939,102,Cheese,3,9.62,11/14/2024,28.86,Colombo
640,742,106,Fish,2,13.9,08/08/2024,27.8,Galle
641,875,107,Milk,2,6.43,01/19/2025,12.86,Colombo
642,317,102,Cheese,9,2.5,07/01/2024,22.5,Colombo
643,370,107,Milk,1,9.94,05/05/2025,9.94,Colombo
644,325,102,Cheese,7,2.73,01/10/2025,19.11,Colombo
645,275,102,Cheese,11,10.38,11/19/2024,114.18,Colombo
646,785,101,Banana,9,2.3,11/21/2024,20.7,Colombo
647,487,106,Fish,4,10.74,05/06/2025,42.96,Galle
648,984,100,Apple,5,10.24,12/28/2024,51.2,Galle
649,332,101,Banana,10,12.22,09/19/2024,122.2,Matara
650,627,108,Yogurt,4,1.44,06/19/2024,5.76,Galle
651,693,104,Beef,10,11.9,02/20/2025,119.0,Matara
652,371,102,Cheese,11,14.78,03/29/2025,162.57999999999998,Colombo
653,572,103,Bread,2,3.37,01/01/2025,6.74,Kalutara
654,967,109,Cereal,1,5.54,08/29/2024,5.54,Matara
655,124,106,Fish,6,7.78,05/17/2025,46.68,Galle
656,296,107,Milk,4,5.95,09/13/2024,23.8,Kalutara
657,532,109,Cereal,13,1.02,11/19/2024,13.26,Kalutara
658,125,107,Milk,2,4.99,11/08/2024,9.98,Matara
659,433,104,Beef,2,6.94,07/02/2024,13.88,Kalutara
660,237,107,Milk,6,12.4,08/15/2024,74.4,Matara
661,592,103,Bread,13,5.71,05/22/2024,74.23,Colombo
662,229,107,Milk,2,10.04,04/30/2025,20.08,Kalutara
663,863,103,Bread,11,10.6,04/01/2025,116.6,Colombo
664,339,100,Apple,1,13.71,07/03/2024,13.71,Colombo
665,314,101,Banana,14,5.0,02/05/2025,70.0,Galle
666,200,107,Milk,8,14.38,03/29/2025,115.04,Galle
667,201,104,Beef,13,6.64,03/26/2025,86.32,Kalutara
668,285,102,Cheese,1,5.75,07/25/2024,5.75,Matara
669,470,100,Apple,10,13.72,07/01/2024,137.20000000000002,Matara
670,513,104,Beef,3,2.18,03/17/2025,6.540000000000001,Colombo
671,253,102,Cheese,9,3.6,04/12/2025,32.4,Matara
672,346,107,Milk,6,12.26,04/18/2025,73.56,Matara
673,177,100,Apple,10,14.64,04/02/2025,146.4,Colombo
674,109,103,Bread,5,7.5,08/03/2024,37.5,Colombo
675,694,106,Fish,9,13.0,03/09/2025,117.0,Galle
676,307,101,Banana,7,9.42,05/18/2025,65.94,Colombo
677,369,102,Cheese,3,14.11,09/06/2024,42.33,Kalutara
678,509,105,Chicken,6,10.69,08/02/2024,64.14,Kalutara
679,336,101,Banana,2,3.35,01/12/2025,6.7,Kalutara
680,450,101,Banana,2,9.76,02/06/2025,19.52,Colombo
681,206,102,Cheese,5,12.68,03/16/2025,63.4,Colombo
682,826,102,Cheese,2,4.62,01/31/2025,9.24,Kalutara
683,480,102,Cheese,12,2.77,07/18/2024,33.24,Colombo
684,587,102,Cheese,1,1.32,06/13/2024,1.32,Colombo
685,443,108,Yogurt,4,3.08,03/24/2025,12.32,Galle
686,254,107,Milk,10,10.35,10/28/2024,103.5,Matara
687,875,104,Beef,9,8.9,02/17/2025,80.10000000000001,Kalutara
688,830,100,Apple,5,9.64,07/05/2024,48.2,Colombo
689,972,107,Milk,2,11.52,04/22/2025,23.04,Matara
690,144,102,Cheese,2,9.71,08/19/2024,19.42,Kalutara
691,610,102,Cheese,12,6.02,09/20/2024,72.24,Galle
692,913,109,Cereal,2,4.69,12/20/2024,9.38,Kalutara
693,936,104,Beef,1,3.4,07/11/2024,3.4,Kalutara
694,703,101,Banana,4,4.63,06/04/2024,18.52,Kalutara
695,997,109,Cereal,3,11.38,01/02/2025,34.14,Colombo
696,971,100,Apple,13,6.9,05/13/2025,89.7,Galle
697,834,100,Apple,5,3.99,07/09/2024,19.950000000000003,Matara
698,794,102,Cheese,12,3.8,06/27/2024,45.599999999999994,Matara
699,815,106,Fish,11,12.94,11/12/2024,142.34,Colombo
700,264,101,Banana,3,14.31,07/08/2024,42.93,Colombo
701,301,102,Cheese,4,9.71,09/02/2024,38.84,Galle
702,646,105,Chicken,11,7.77,05/19/2025,85.47,Galle
703,452,108,Yogurt,5,13.45,05/29/2024,67.25,Matara
704,986,103,Bread,2,14.27,02/10/2025,28.54,Matara
705,363,102,Cheese,8,1.45,07/14/2024,11.6,Colombo
706,122,106,Fish,8,6.51,07/22/2024,52.08,Matara
707,911,108,Yogurt,10,8.82,08/02/2024,88.2,Colombo
708,649,107,Milk,1,7.73,02/23/2025,7.73,Galle
709,296,102,Cheese,11,5.98,05/20/2024,65.78,Matara
710,622,109,Cereal,10,10.81,06/12/2024,108.10000000000001,Colombo
711,119,103,Bread,11,8.12,04/10/2025,89.32,Kalutara
712,341,109,Cereal,7,10.97,01/05/2025,76.79,Colombo
713,866,104,Beef,3,10.53,06/09/2024,31.589999999999996,Colombo
714,575,102,Cheese,8,5.63,10/24/2024,45.04,Galle
715,884,103,Bread,4,3.05,05/31/2024,12.2,Galle
716,573,104,Beef,5,14.92,04/05/2025,74.6,Matara
717,652,100,Apple,6,1.91,08/07/2024,11.459999999999999,Colombo
718,856,104,Beef,3,11.61,09/28/2024,34.83,Matara
719,792,103,Bread,1,9.71,02/18/2025,9.71,Matara
720,276,102,Cheese,2,8.48,06/28/2024,16.96,Kalutara
721,455,104,Beef,13,3.15,12/22/2024,40.949999999999996,Colombo
722,199,109,Cereal,14,5.54,01/28/2025,77.56,Galle
723,200,107,Milk,11,3.73,03/07/2025,41.03,Matara
724,818,103,Bread,6,7.07,06/18/2024,42.42,Galle
725,383,108,Yogurt,10,6.04,06/19/2024,60.4,Matara
726,401,109,Cereal,2,2.97,04/21/2025,5.94,Colombo
727,892,105,Chicken,5,14.39,12/12/2024,71.95,Galle
728,204,103,Bread,7,1.68,02/24/2025,11.76,Galle
729,945,102,Cheese,14,5.4,01/06/2025,75.60000000000001,Galle
730,459,108,Yogurt,2,6.32,08/29/2024,12.64,Galle
731,325,109,Cereal,10,5.89,05/30/2024,58.9,Colombo
732,881,102,Cheese,2,3.31,03/13/2025,6.62,Galle
733,432,103,Bread,7,3.32,11/28/2024,23.24,Kalutara
734,647,103,Bread,7,2.17,02/25/2025,15.19,Kalutara
735,162,100,Apple,14,4.63,07/23/2024,64.82,Colombo
736,801,101,Banana,14,13.04,05/07/2025,182.56,Matara
737,613,103,Bread,10,1.8,09/19/2024,18.0,Kalutara
738,285,102,Cheese,12,6.29,12/15/2024,75.48,Kalutara
739,637,101,Banana,7,13.48,10/05/2024,94.36,Galle
740,865,106,Fish,9,4.38,02/21/2025,39.42,Colombo
741,246,102,Cheese,5,12.11,08/17/2024,60.55,Colombo
742,176,108,Yogurt,5,13.04,08/21/2024,65.19999999999999,Galle
743,403,101,Banana,9,9.14,01/10/2025,82.26,Kalutara
744,415,104,Beef,13,8.82,07/05/2024,114.66,Matara
745,414,107,Milk,2,3.91,09/12/2024,7.82,Colombo
746,720,108,Yogurt,6,7.51,10/23/2024,45.06,Matara
747,572,104,Beef,7,8.07,05/28/2024,56.49,Colombo
748,754,105,Chicken,11,4.82,08/04/2024,53.02,Galle
749,547,100,Apple,13,5.39,08/25/2024,70.07,Galle
750,245,106,Fish,11,4.32,01/07/2025,47.52,Galle
751,632,109,Cereal,9,4.3,04/06/2025,38.699999999999996,Galle
752,778,106,Fish,7,4.14,04/09/2025,28.979999999999997,Matara
753,421,106,Fish,6,12.7,12/05/2024,76.19999999999999,Colombo
754,892,109,Cereal,9,1.98,06/10/2024,17.82,Kalutara
755,589,100,Apple,9,9.18,03/15/2025,82.62,Matara
756,819,106,Fish,7,4.06,05/24/2024,28.419999999999998,Galle
757,685,101,Banana,2,10.01,08/07/2024,20.02,Kalutara
758,269,106,Fish,10,7.0,03/18/2025,70.0,Kalutara
759,938,101,Banana,6,13.57,07/26/2024,81.42,Kalutara
760,564,100,Apple,1,10.9,06/25/2024,10.9,Galle
761,821,104,Beef,8,5.9,08/29/2024,47.2,Kalutara
762,373,107,Milk,9,7.3,08/04/2024,65.7,Matara
763,277,106,Fish,4,6.36,03/28/2025,25.44,Galle
764,497,105,Chicken,11,1.66,07/18/2024,18.259999999999998,Galle
765,366,108,Yogurt,3,5.29,06/04/2024,15.870000000000001,Matara
766,719,108,Yogurt,14,4.41,03/30/2025,61.74,Matara
767,311,100,Apple,14,14.75,07/26/2024,206.5,Kalutara
768,883,103,Bread,13,1.76,11/26/2024,22.88,Matara
769,364,107,Milk,13,11.48,08/06/2024,149.24,Colombo
770,243,106,Fish,12,14.44,05/17/2025,173.28,Galle
771,475,106,Fish,6,5.32,06/14/2024,31.92,Colombo
772,439,104,Beef,5,3.04,12/22/2024,15.2,Galle
773,197,102,Cheese,8,8.26,10/18/2024,66.08,Matara
774,528,107,Milk,4,3.46,05/12/2025,13.84,Kalutara
775,142,102,Cheese,9,8.11,09/30/2024,72.99,Galle
776,776,100,Apple,5,1.6,11/01/2024,8.0,Matara
777,933,102,Cheese,7,1.63,09/22/2024,11.41,Kalutara
778,578,108,Yogurt,11,11.48,03/12/2025,126.28,Matara
779,207,109,Cereal,8,9.67,12/31/2024,77.36,Colombo
780,191,109,Cereal,10,3.91,07/23/2024,39.1,Colombo
781,473,106,Fish,2,14.13,01/22/2025,28.26,Colombo
782,262,101,Banana,9,4.41,12/12/2024,39.69,Kalutara
783,346,105,Chicken,2,1.38,08/07/2024,2.76,Colombo
784,585,108,Yogurt,1,13.31,08/10/2024,13.31,Kalutara
785,472,100,Apple,4,5.91,07/22/2024,23.64,Matara
786,512,100,Apple,12,13.59,07/17/2024,163.07999999999998,Galle
787,480,106,Fish,1,12.95,05/12/2025,12.95,Matara
788,631,106,Fish,14,9.79,01/20/2025,137.06,Kalutara
789,253,108,Yogurt,3,7.86,04/02/2025,23.580000000000002,Colombo
790,305,102,Cheese,3,4.6,04/28/2025,13.799999999999999,Matara
791,378,106,Fish,6,2.82,11/17/2024,16.919999999999998,Galle
792,961,108,Yogurt,3,14.27,07/03/2024,42.81,Colombo
793,634,108,Yogurt,8,12.25,09/06/2024,98.0,Galle
794,666,100,Apple,3,2.03,06/08/2024,6.09,Galle
795,887,104,Beef,1,5.67,04/03/2025,5.67,Colombo
796,965,103,Bread,4,11.9,04/23/2025,47.6,Colombo
797,399,106,Fish,12,13.91,12/27/2024,166.92000000000002,Galle
798,419,101,Banana,4,2.6,06/11/2024,10.4,Galle
799,523,104,Beef,3,8.95,04/13/2025,26.849999999999998,Galle
800,481,100,Apple,9,13.22,11/28/2024,118.98,Kalutara
801,592,109,Cereal,9,1.84,10/25/2024,16.560000000000002,Kalutara
802,699,103,Bread,4,11.23,10/26/2024,44.92,Galle
803,923,109,Cereal,12,7.11,03/09/2025,85.32000000000001,Galle
804,266,105,Chicken,3,8.21,08/29/2024,24.630000000000003,Matara
805,974,108,Yogurt,4,13.79,11/18/2024,55.16,Colombo
806,555,103,Bread,3,13.53,02/09/2025,40.589999999999996,Kalutara
807,229,105,Chicken,9,14.84,02/06/2025,133.56,Matara
808,415,101,Banana,11,1.4,12/26/2024,15.399999999999999,Kalutara
809,908,101,Banana,3,8.23,04/07/2025,24.69,Galle
810,261,103,Bread,3,14.45,10/22/2024,43.349999999999994,Galle
811,976,104,Beef,10,8.48,08/25/2024,84.80000000000001,Kalutara
812,578,109,Cereal,5,6.47,03/20/2025,32.35,Colombo
813,122,104,Beef,9,8.81,01/11/2025,79.29,Kalutara
814,162,109,Cereal,7,6.62,05/20/2024,46.34,Colombo
815,794,103,Bread,10,3.0,02/04/2025,30.0,Colombo
816,941,103,Bread,8,11.06,07/05/2024,88.48,Kalutara
817,552,102,Cheese,8,12.82,10/07/2024,102.56,Matara
818,281,104,Beef,10,11.33,05/03/2025,113.3,Colombo
819,691,109,Cereal,2,7.7,11/14/2024,15.4,Kalutara
820,242,106,Fish,14,13.65,04/04/2025,191.1,Galle
821,709,108,Yogurt,7,11.86,01/23/2025,83.02,Kalutara
822,175,104,Beef,11,9.81,09/02/2024,107.91000000000001,Colombo
823,757,106,Fish,5,5.57,10/01/2024,27.85,Galle
824,510,100,Apple,4,14.64,01/26/2025,58.56,Colombo
825,405,106,Fish,13,11.58,03/21/2025,150.54,Kalutara
826,227,104,Beef,12,8.78,10/11/2024,105.35999999999999,Kalutara
827,997,108,Yogurt,3,12.79,11/01/2024,38.37,Galle
828,585,106,Fish,5,4.83,02/26/2025,24.15,Galle
829,987,107,Milk,12,2.26,03/14/2025,27.119999999999997,Matara
830,738,106,Fish,12,5.31,05/24/2024,63.72,Matara
831,665,102,Cheese,8,11.31,05/08/2025,90.48,Kalutara
832,634,102,Cheese,14,2.39,07/21/2024,33.46,Matara
833,367,108,Yogurt,5,10.18,05/21/2024,50.9,Matara
834,898,104,Beef,2,7.22,08/23/2024,14.44,Colombo
835,525,109,Cereal,12,12.87,03/27/2025,154.44,Matara
836,206,108,Yogurt,8,1.97,07/15/2024,15.76,Colombo
837,767,109,Cereal,14,3.49,12/10/2024,48.86,Matara
838,813,104,Beef,8,3.68,10/07/2024,29.44,Kalutara
839,859,105,Chicken,14,6.67,06/23/2024,93.38,Matara
840,561,109,Cereal,12,13.06,09/26/2024,156.72,Matara
841,711,103,Bread,2,8.62,11/08/2024,17.24,Colombo
842,649,106,Fish,4,6.68,02/04/2025,26.72,Galle
843,800,102,Cheese,1,12.29,04/23/2025,12.29,Kalutara
844,451,106,Fish,11,1.29,12/23/2024,14.190000000000001,Colombo
845,599,103,Bread,14,2.27,02/15/2025,31.78,Colombo
846,576,106,Fish,4,14.22,07/29/2024,56.88,Kalutara
847,686,102,Cheese,8,8.61,10/31/2024,68.88,Matara
848,440,105,Chicken,10,3.85,02/01/2025,38.5,Matara
849,370,106,Fish,6,12.28,02/18/2025,73.67999999999999,Colombo
850,302,105,Chicken,2,3.63,11/30/2024,7.26,Matara
851,196,109,Cereal,4,2.81,11/19/2024,11.24,Kalutara
852,560,101,Banana,2,10.42,06/28/2024,20.84,Colombo
853,160,106,Fish,6,14.58,02/16/2025,87.48,Kalutara
854,713,102,Cheese,5,1.69,10/05/2024,8.45,Matara
855,228,102,Cheese,2,8.65,11/15/2024,17.3,Kalutara
856,157,104,Beef,4,14.52,03/18/2025,58.08,Galle
857,521,103,Bread,4,14.04,05/29/2024,56.16,Galle
858,679,101,Banana,9,9.18,12/20/2024,82.62,Galle
859,375,103,Bread,9,12.2,08/14/2024,109.8,Galle
860,236,100,Apple,11,4.57,05/22/2024,50.27,Colombo
861,846,109,Cereal,8,5.69,10/21/2024,45.52,Galle
862,237,106,Fish,9,2.35,11/02/2024,21.150000000000002,Matara
863,443,103,Bread,14,11.97,01/04/2025,167.58,Galle
864,661,104,Beef,7,13.83,02/04/2025,96.81,Galle
865,794,108,Yogurt,4,9.43,04/04/2025,37.72,Galle
866,188,101,Banana,3,7.19,03/17/2025,21.57,Galle
867,728,109,Cereal,1,7.2,12/08/2024,7.2,Galle
868,252,109,Cereal,14,5.07,04/30/2025,70.98,Galle
869,449,106,Fish,14,5.9,07/06/2024,82.60000000000001,Matara
870,393,105,Chicken,9,7.47,05/02/2025,67.23,Matara
871,682,104,Beef,4,6.37,03/20/2025,25.48,Galle
872,351,100,Apple,2,11.52,02/25/2025,23.04,Galle
873,320,103,Bread,3,13.68,08/27/2024,41.04,Kalutara
874,283,108,Yogurt,8,1.56,05/23/2024,12.48,Kalutara
875,911,109,Cereal,1,14.33,02/05/2025,14.33,Colombo
876,848,100,Apple,10,11.3,12/22/2024,113.0,Galle
877,969,103,Bread,4,8.19,03/22/2025,32.76,Kalutara
878,331,100,Apple,8,14.6,08/03/2024,116.8,Kalutara
879,825,105,Chicken,12,9.38,01/28/2025,112.56,Colombo
880,861,109,Cereal,1,3.53,09/01/2024,3.53,Kalutara
881,404,103,Bread,9,11.5,05/28/2024,103.5,Kalutara
882,288,106,Fish,10,11.58,11/12/2024,115.8,Galle
883,922,108,Yogurt,6,13.81,05/19/2025,82.86,Colombo
884,854,102,Cheese,14,4.8,01/02/2025,67.2,Galle
885,177,103,Bread,4,8.99,01/24/2025,35.96,Kalutara
886,502,102,Cheese,4,6.25,06/29/2024,25.0,Galle
887,317,100,Apple,10,14.77,03/07/2025,147.7,Matara
888,200,108,Yogurt,10,14.35,01/15/2025,143.5,Matara
889,545,108,Yogurt,14,13.95,07/24/2024,195.29999999999998,Kalutara
890,741,101,Banana,14,7.79,07/31/2024,109.06,Matara
891,751,106,Fish,2,14.81,08/16/2024,29.62,Kalutara
892,427,107,Milk,4,6.04,12/08/2024,24.16,Matara
893,744,109,Cereal,7,10.67,07/27/2024,74.69,Kalutara
894,812,103,Bread,7,5.02,06/19/2024,35.14,Kalutara
895,484,104,Beef,5,2.66,07/13/2024,13.3,Kalutara
896,419,105,Chicken,10,12.36,01/25/2025,123.6,Kalutara
897,689,103,Bread,10,3.84,03/23/2025,38.4,Kalutara
898,870,100,Apple,11,12.69,09/15/2024,139.59,Kalutara
899,757,102,Cheese,3,5.23,11/02/2024,15.690000000000001,Kalutara
900,761,100,Apple,12,12.13,07/24/2024,145.56,Kalutara
901,942,103,Bread,12,11.71,07/19/2024,140.52,Galle
902,996,106,Fish,7,7.13,05/29/2024,49.91,Kalutara
903,553,100,Apple,13,9.45,07/10/2024,122.85,Matara
904,382,109,Cereal,10,9.38,11/08/2024,93.80000000000001,Kalutara
905,983,100,Apple,12,11.46,12/12/2024,137.52,Kalutara
906,998,108,Yogurt,10,10.36,06/26/2024,103.6,Galle
907,789,104,Beef,11,14.24,04/23/2025,156.64000000000001,Galle
908,660,105,Chicken,7,12.99,03/16/2025,90.93,Galle
909,336,104,Beef,11,7.01,06/03/2024,77.11,Matara
910,156,103,Bread,11,4.15,12/25/2024,45.650000000000006,Colombo
911,391,106,Fish,10,8.07,01/06/2025,80.7,Galle
912,420,102,Cheese,14,4.16,01/16/2025,58.24,Colombo
913,545,104,Beef,14,1.96,02/02/2025,27.439999999999998,Colombo
914,145,109,Cereal,2,13.46,02/21/2025,26.92,Matara
915,709,107,Milk,2,2.12,04/05/2025,4.24,Matara
916,409,103,Bread,11,13.41,11/22/2024,147.51,Matara
917,316,102,Cheese,11,11.81,03/24/2025,129.91,Kalutara
918,267,109,Cereal,1,11.46,09/06/2024,11.46,Kalutara
919,330,105,Chicken,7,2.34,04/22/2025,16.38,Kalutara
920,331,101,Banana,13,3.96,02/13/2025,51.48,Colombo
921,590,100,Apple,12,2.46,02/24/2025,29.52,Matara
922,406,106,Fish,10,13.89,10/18/2024,138.9,Matara
923,623,104,Beef,9,2.92,04/03/2025,26.28,Matara
924,714,106,Fish,1,3.25,05/27/2024,3.25,Matara
925,874,108,Yogurt,8,2.66,09/18/2024,21.28,Galle
926,212,100,Apple,5,4.58,10/13/2024,22.9,Galle
927,163,100,Apple,6,9.8,06/26/2024,58.800000000000004,Colombo
928,267,101,Banana,12,14.18,04/06/2025,170.16,Kalutara
929,848,104,Beef,9,10.26,11/22/2024,92.34,Matara
930,981,104,Beef,13,3.81,12/17/2024,49.53,Galle
931,580,108,Yogurt,13,10.25,05/09/2025,133.25,Galle
932,612,108,Yogurt,9,1.14,10/23/2024,10.26,Matara
933,718,106,Fish,14,9.77,10/11/2024,136.78,Kalutara
934,946,105,Chicken,10,14.95,04/13/2025,149.5,Colombo
935,672,104,Beef,2,7.64,07/12/2024,15.28,Galle
936,528,106,Fish,10,1.74,06/16/2024,17.4,Colombo
937,930,100,Apple,2,3.41,06/21/2024,6.82,Kalutara
938,230,109,Cereal,13,9.46,05/08/2025,122.98000000000002,Kalutara
939,210,104,Beef,10,3.88,05/27/2024,38.8,Matara
940,878,102,Cheese,6,3.98,12/22/2024,23.88,Galle
941,233,108,Yogurt,8,8.26,08/20/2024,66.08,Kalutara
942,126,106,Fish,2,1.55,01/15/2025,3.1,Matara
943,460,109,Cereal,11,1.9,06/01/2024,20.9,Galle
944,786,104,Beef,2,4.8,09/12/2024,9.6,Colombo
945,188,109,Cereal,4,5.74,07/07/2024,22.96,Colombo
946,703,105,Chicken,11,8.91,07/08/2024,98.01,Kalutara
947,756,106,Fish,7,14.56,08/07/2024,101.92,Kalutara
948,751,100,Apple,12,9.32,06/04/2024,111.84,Kalutara
949,399,108,Yogurt,13,4.45,03/13/2025,57.85,Kalutara
950,137,102,Cheese,8,6.11,09/26/2024,48.88,Kalutara
951,265,108,Yogurt,14,11.23,03/21/2025,157.22,Kalutara
952,638,103,Bread,10,3.81,07/28/2024,38.1,Kalutara
953,778,101,Banana,14,6.87,03/17/2025,96.18,Kalutara
954,665,100,Apple,1,5.32,07/17/2024,5.32,Matara
955,181,106,Fish,9,13.51,01/12/2025,121.59,Kalutara
956,240,109,Cereal,8,13.97,09/19/2024,111.76,Matara
957,249,105,Chicken,12,14.23,01/07/2025,170.76,Kalutara
958,921,102,Cheese,2,14.76,05/13/2025,29.52,Kalutara
959,209,103,Bread,14,3.92,08/06/2024,54.879999999999995,Matara
960,956,108,Yogurt,9,11.42,10/22/2024,102.78,Galle
961,500,101,Banana,9,5.86,12/04/2024,52.74,Kalutara
962,788,100,Apple,4,3.29,11/16/2024,13.16,Matara
963,560,107,Milk,6,5.57,02/25/2025,33.42,Colombo
964,951,108,Yogurt,3,9.39,07/21/2024,28.17,Matara
965,815,109,Cereal,9,5.13,01/24/2025,46.17,Matara
966,977,102,Cheese,13,1.17,09/18/2024,15.209999999999999,Matara
967,556,104,Beef,10,6.49,01/21/2025,64.9,Galle
968,460,100,Apple,1,7.76,10/29/2024,7.76,Matara
969,172,102,Cheese,13,1.54,11/14/2024,20.02,Kalutara
970,901,104,Beef,8,5.26,10/01/2024,42.08,Colombo
971,934,106,Fish,5,9.82,10/15/2024,49.1,Kalutara
972,403,106,Fish,3,3.28,07/07/2024,9.84,Colombo
973,617,107,Milk,2,8.12,07/10/2024,16.24,Colombo
974,501,101,Banana,13,14.87,12/02/2024,193.31,Matara
975,965,107,Milk,8,14.05,08/10/2024,112.4,Matara
976,642,108,Yogurt,10,1.29,09/15/2024,12.9,Galle
977,176,100,Apple,7,8.89,06/02/2024,62.230000000000004,Galle
978,168,103,Bread,12,8.67,01/07/2025,104.03999999999999,Matara
979,488,104,Beef,6,5.31,06/01/2024,31.86,Galle
980,737,107,Milk,8,1.4,05/25/2024,11.2,Galle
981,942,103,Bread,10,9.39,06/08/2024,93.9,Kalutara
982,394,101,Banana,8,7.2,09/25/2024,57.6,Kalutara
983,909,102,Cheese,10,4.74,07/04/2024,47.400000000000006,Kalutara
984,945,109,Cereal,5,9.27,11/08/2024,46.349999999999994,Galle
985,919,103,Bread,8,6.11,11/02/2024,48.88,Matara
986,157,108,Yogurt,10,14.02,04/06/2025,140.2,Matara
987,881,102,Cheese,1,1.03,07/02/2024,1.03,Kalutara
988,325,106,Fish,13,5.92,05/10/2025,76.96,Colombo
989,994,104,Beef,5,13.57,08/14/2024,67.85,Galle
990,407,104,Beef,12,10.89,10/19/2024,130.68,Matara
991,619,100,Apple,11,4.22,05/20/2025,46.419999999999995,Galle
992,412,108,Yogurt,6,12.28,08/23/2024,73.67999999999999,Matara
993,201,106,Fish,14,6.2,10/15/2024,86.8,Galle
994,768,108,Yogurt,5,11.17,12/25/2024,55.85,Galle
995,850,101,Banana,6,4.63,09/05/2024,27.78,Kalutara
996,339,102,Cheese,10,12.31,08/04/2024,123.10000000000001,Galle
997,647,107,Milk,3,3.33,04/28/2025,9.99,Colombo
998,965,109,Cereal,5,6.49,01/07/2025,32.45,Colombo
999,755,106,Fish,5,5.23,12/06/2024,26.150000000000002,Matara
